Student ID,Student Name,Attendance,Behavior / Discipline Score,Midterm Exam Score,Average Assignment Score,Late Submissions,Team Collaboration,Project Complexity,Hours Studied per Week,Number of Previous Failures,Stress Level,Average Submission Delay
S1001,Olivia Ahmed,78,1,31,67,0,0,Low,9,4,4,13
S1002,Hasan Khan,91,7,40,41,6,7,Low,14,4,7,0
S1003,Sophia Anderson,68,6,93,36,0,6,Medium,17,1,3,13
S1004,Olivia Walker,54,9,50,88,0,10,Medium,22,4,8,13
S1005,Ahmed Hall,82,9,47,30,2,4,Medium,32,4,6,8
S1006,Nedhal Johnson,47,1,93,34,9,9,Medium,15,1,9,13
S1007,Shakil Brown,60,5,67,54,3,4,Medium,37,2,6,2
S1008,Mahamud Khan,78,5,61,52,3,6,Low,34,0,7,9
S1009,Anika Ahmed,97,2,40,35,1,4,High,33,4,5,12
S1010,Harper Hossen,58,10,74,53,0,7,Low,27,0,7,2
S1011,Harper Robinson,62,1,62,85,2,10,Medium,1,3,2,10
S1012,Sophia Clark,50,0,70,59,3,5,Medium,29,0,9,1
S1013,Firas Harris,50,5,37,47,2,4,Medium,12,1,9,7
S1014,Shakil Thomas,63,4,40,66,7,8,Medium,15,0,0,14
S1015,Nedhal Thompson,92,10,80,58,9,10,Low,4,0,5,12
S1016,Hasan Anderson,75,8,70,89,0,1,Medium,27,0,0,2
S1017,Mahamud Thompson,79,0,46,92,1,0,Medium,38,2,8,5
S1018,Olivia Brown,63,6,75,39,6,7,Medium,19,2,1,1
S1019,Ilin Taylor,42,4,61,20,3,2,High,23,3,10,6
S1020,Mia hossain,61,4,83,91,7,10,Medium,26,1,1,12
S1021,Evelyn Harris,92,1,49,82,2,6,Low,29,0,6,3
S1022,Emma Clark,41,10,62,86,5,9,Low,26,0,1,8
S1023,Harper Taylor,63,2,69,23,8,10,Medium,25,0,9,13
S1024,Ilin Brown,83,6,61,77,0,7,Medium,6,0,7,9
S1025,Harper Martin,69,5,31,44,0,5,Medium,37,2,5,8
S1026,Evelyn hossain,77,1,62,66,7,9,Medium,4,3,6,6
S1027,Firas Hossen,41,5,59,57,2,8,High,22,4,6,14
S1028,Ahmed Johnson,99,1,62,34,4,6,High,27,1,5,11
S1029,Sophia Martin,60,1,55,82,0,9,High,33,0,9,7
S1030,Ahmed Khan,72,1,51,40,4,4,Low,14,3,10,2
S1031,Olivia Martinez,51,10,95,76,5,7,Medium,31,4,8,10
S1032,Hasan Clark,97,2,67,72,7,1,Low,25,3,8,4
S1033,Mia Thomas,61,1,75,65,2,6,Low,30,2,6,1
S1034,Mia hossain,83,3,44,33,2,3,Medium,18,4,8,9
S1035,Mahamud Harris,64,8,73,95,9,8,Medium,8,3,9,6
S1036,Ahmed Thomas,88,5,78,36,8,0,Low,28,2,2,12
S1037,Harper Khan,66,0,90,58,3,6,Low,38,3,2,7
S1038,Ava Clark,98,7,96,28,3,5,Low,3,3,0,8
S1039,Ilin Harris,81,6,35,96,6,7,High,2,4,4,10
S1040,Harper Khan,67,9,38,98,1,4,Low,28,2,3,10
S1041,Hafi Johnson,99,2,35,25,7,0,Low,10,0,1,6
S1042,Sophia Johnson,55,0,61,42,5,0,Medium,32,1,8,9
S1043,Hafi Martinez,54,4,70,78,2,8,Medium,37,4,2,14
S1044,Hasan Brown,86,3,37,65,8,9,High,10,2,7,9
S1045,Mahamud Hall,90,9,79,57,4,5,Low,26,3,5,12
S1046,Hafi Hossen,83,7,91,33,7,9,Medium,32,2,4,7
S1047,Amelia Martinez,94,0,91,91,6,4,Medium,20,1,0,11
S1048,James Anderson,91,9,36,81,7,0,High,38,1,3,8
S1049,Hasan Anderson,96,0,33,54,6,5,Medium,30,0,2,5
S1050,Sophia Walker,42,3,35,38,2,5,High,37,0,0,11
S1051,Harper Harris,76,7,87,49,1,2,Low,1,1,4,11
S1052,Firas Robinson,90,4,51,97,6,7,Medium,26,4,5,9
S1053,Firas Martinez,46,1,55,44,2,0,Medium,35,4,1,1
S1054,Mia Khan,60,5,32,59,2,0,High,10,3,2,1
S1055,Maruf Emon,48,4,70,33,1,5,Low,17,0,10,3
S1056,Amelia Brown,78,1,89,45,3,9,Low,0,3,5,14
S1057,Emma Taylor,57,10,43,41,7,0,Medium,34,0,3,8
S1058,Maruf Thomas,43,10,41,67,0,5,Low,34,1,8,6
S1059,Nedhal Brown,64,10,41,70,0,0,Low,30,4,4,1
S1060,Ilin Martinez,99,2,42,22,4,5,High,27,4,3,7
S1061,Evelyn Clark,53,8,54,61,4,2,Medium,38,1,1,10
S1062,Anika Harris,89,6,74,38,0,7,Medium,0,3,5,6
S1063,Harper Ahmed,97,6,48,92,5,5,Medium,24,3,9,8
S1064,Olivia Walker,48,10,84,47,0,10,Medium,37,2,1,7
S1065,Hasan Thompson,65,5,74,64,4,0,Low,19,0,6,2
S1066,Olivia Martin,92,7,37,90,8,4,Low,2,3,2,0
S1067,Nedhal Thomas,41,3,82,97,4,7,Medium,1,1,8,1
S1068,James Ahmed,59,7,84,82,5,2,Medium,17,3,10,14
S1069,Hasan Emon,67,3,61,92,7,5,Medium,9,4,4,13
S1070,Ava Emon,86,7,80,38,0,4,Low,4,0,7,12
S1071,Olivia Martin,99,8,73,66,1,5,Medium,8,2,10,1
S1072,Anika Hossen,46,2,99,33,8,9,High,1,0,5,3
S1073,Maruf hossain,83,2,47,57,2,0,High,33,4,9,5
S1074,Ava Walker,47,10,51,72,5,6,High,37,4,7,3
S1075,Anika Ahmed,86,1,66,80,4,8,Medium,30,4,10,8
S1076,Evelyn Thompson,74,9,85,55,1,1,Medium,9,4,2,3
S1077,Amelia Ahmed,53,2,88,59,6,9,Medium,11,1,2,5
S1078,Olivia hossain,56,2,32,49,3,4,Low,35,2,4,5
S1079,Isabella Khan,75,4,57,28,0,9,Medium,20,4,10,9
S1080,Emma Khan,89,4,64,83,3,3,Medium,5,4,9,10
S1081,Firas Brown,79,1,90,52,5,5,Low,2,3,2,9
S1082,Ahmed Rodriguez,43,9,83,71,6,5,Medium,9,2,7,0
S1083,Ahmed Walker,41,5,92,33,6,10,High,4,0,9,7
S1084,Maruf Anderson,45,4,36,94,6,1,Low,25,2,7,11
S1085,Amelia Walker,93,5,78,72,2,1,High,20,2,1,2
S1086,Ava Harris,81,0,60,78,5,3,Low,25,2,3,14
S1087,Anika Robinson,43,4,87,97,7,0,Medium,37,4,9,12
S1088,Mahamud Walker,93,8,90,60,3,8,Medium,25,4,0,5
S1089,Mahamud Martin,68,9,53,87,7,6,Medium,7,1,3,2
S1090,Ilin hossain,57,1,49,87,1,6,High,4,0,10,14
S1091,James Emon,65,0,66,27,9,2,High,14,3,3,10
S1092,James Taylor,83,9,33,21,8,10,Medium,15,2,9,1
S1093,Sophia Khan,73,10,49,60,8,2,Low,0,0,8,14
S1094,Ahmed Thompson,49,8,89,74,7,0,High,15,0,2,4
S1095,Shakil Hall,75,9,53,35,9,2,Low,36,1,1,13
S1096,Harper Khan,53,8,79,81,9,2,High,2,3,8,0
S1097,Firas Khan,70,8,78,67,0,3,Medium,30,2,8,8
S1098,Shakil Brown,87,5,80,49,1,3,Low,12,3,0,10
S1099,Emma Khan,54,7,65,31,5,2,Medium,15,1,5,6
S1100,Ahmed Johnson,47,10,95,54,9,9,Low,20,4,9,2
S1101,Hafi Brown,53,0,63,30,4,7,Low,1,0,7,3
S1102,Anika Khan,62,9,65,83,8,7,Medium,26,2,2,12
S1103,Hasan Rodriguez,99,3,35,69,4,0,Low,37,4,10,5
S1104,Mahamud Walker,96,0,68,40,1,6,Low,25,1,8,2
S1105,Maruf Hall,79,7,71,88,9,10,Low,37,3,1,11
S1106,Firas Rodriguez,60,0,87,67,3,1,Medium,24,0,5,6
S1107,Sophia Rodriguez,55,2,41,39,8,0,Low,10,2,0,12
S1108,Nedhal Hossen,84,3,32,86,0,2,Medium,7,4,6,5
S1109,Olivia Taylor,57,7,47,63,0,3,Low,7,4,2,8
S1110,Nedhal hossain,86,5,69,52,6,5,High,32,0,6,11
S1111,Nedhal Robinson,92,9,50,92,2,9,High,6,3,3,14
S1112,James Johnson,63,6,44,80,9,4,Low,37,1,8,4
S1113,Olivia Johnson,65,7,55,28,1,3,Medium,20,3,4,3
S1114,Ilin Thompson,64,1,37,87,8,7,High,7,3,2,2
S1115,Olivia Khan,99,9,71,54,2,10,High,20,3,7,9
S1116,Mahamud Hossen,99,10,73,84,1,3,Medium,19,0,5,0
S1117,Harper Clark,99,7,43,27,7,9,Low,7,0,1,2
S1118,Maruf Robinson,84,2,31,64,9,1,Medium,30,1,2,2
S1119,Ava Harris,80,6,66,66,5,2,Medium,28,3,7,6
S1120,James Khan,68,2,98,59,5,5,Medium,8,0,9,6
S1121,Ahmed Clark,54,6,67,95,9,7,Medium,14,1,6,12
S1122,Harper Taylor,84,10,70,73,6,7,High,29,1,9,14
S1123,Emma Walker,40,1,91,95,6,10,High,25,3,5,11
S1124,Shakil Brown,64,9,89,65,5,8,Low,9,2,0,0
S1125,Sophia Thomas,46,5,43,66,3,6,Low,28,3,8,2
S1126,Nedhal Rodriguez,48,2,31,34,8,1,Low,15,2,2,12
S1127,Amelia Hossen,63,2,99,38,5,7,High,35,1,4,7
S1128,Ilin Johnson,40,8,46,45,3,6,Medium,19,0,6,8
S1129,Ava Martinez,83,6,57,71,2,7,Medium,36,4,6,6
S1130,Shakil Martinez,47,4,95,41,3,2,Medium,21,1,2,6
S1131,Hasan Clark,63,9,64,40,2,6,Medium,6,0,3,11
S1132,Isabella Robinson,50,6,34,70,1,9,Medium,22,1,9,14
S1133,Harper Rodriguez,90,8,94,57,4,8,Medium,39,3,6,10
S1134,Maruf Hossen,56,0,69,39,1,2,Medium,28,2,7,7
S1135,Isabella Hossen,47,6,85,48,5,9,High,15,1,1,5
S1136,Emma Hall,74,5,65,70,2,5,High,37,0,8,10
S1137,Harper Johnson,74,9,74,23,5,1,High,27,3,6,2
S1138,Hafi Johnson,72,8,52,74,9,1,Medium,37,4,7,14
S1139,Emma Hall,98,0,76,90,8,4,Medium,30,3,5,0
S1140,Amelia Emon,44,3,60,47,0,4,Medium,13,2,5,6
S1141,Anika Thomas,81,8,40,23,5,6,High,32,3,8,0
S1142,Emma Emon,78,3,39,41,8,1,Low,8,4,3,0
S1143,Ahmed Thomas,97,9,96,95,3,10,Medium,26,0,10,8
S1144,Ahmed Brown,80,2,43,64,1,6,Low,23,1,10,12
S1145,Sophia Martinez,67,8,39,86,3,4,Medium,12,2,4,9
S1146,Olivia Hall,46,1,30,85,0,5,Medium,25,4,8,6
S1147,Sophia Hall,48,3,34,53,2,7,Medium,28,2,0,12
S1148,Evelyn Johnson,47,5,49,74,9,9,Low,27,3,3,10
S1149,Evelyn Brown,51,1,37,20,8,3,Medium,27,2,6,12
S1150,Nedhal Hall,73,7,72,91,9,6,High,7,4,10,3
S1151,Firas Emon,72,7,30,57,4,5,Low,22,1,8,5
S1152,Hafi Harris,87,0,86,25,5,9,Medium,28,1,10,0
S1153,Mahamud Thompson,94,2,93,44,2,1,Medium,4,2,9,6
S1154,Sophia Harris,62,9,57,36,4,7,High,6,0,5,11
S1155,Ilin Anderson,63,8,66,80,7,9,Low,35,2,7,14
S1156,Isabella Clark,76,4,76,31,5,8,High,26,3,8,5
S1157,Hafi Brown,74,5,66,25,3,4,Medium,1,1,9,3
S1158,Shakil Clark,83,3,78,46,1,9,High,24,1,3,6
S1159,Evelyn Hall,79,9,73,27,8,3,High,8,1,0,2
S1160,Olivia Brown,61,1,85,84,0,5,Low,26,0,7,0
S1161,Harper Hossen,66,10,57,76,0,7,Low,0,0,1,3
S1162,Anika Harris,74,7,35,59,3,10,Low,22,4,10,2
S1163,Maruf hossain,40,10,90,33,6,2,Medium,9,2,0,0
S1164,Ahmed Khan,74,5,49,54,0,9,Low,24,2,6,1
S1165,Mia Martin,76,4,31,67,8,10,Low,2,3,9,10
S1166,Ava Clark,86,8,66,75,3,10,Medium,5,1,8,4
S1167,Harper Martin,53,0,49,68,2,0,Low,5,0,10,14
S1168,Evelyn Emon,42,4,55,32,0,3,Low,1,3,8,7
S1169,Shakil Walker,40,5,58,80,9,3,Medium,17,3,2,0
S1170,Isabella Taylor,44,4,30,68,3,0,Low,22,0,5,3
S1171,Maruf Harris,65,5,64,65,8,8,Medium,1,2,6,13
S1172,Olivia Taylor,94,5,99,81,9,2,Medium,11,1,9,3
S1173,Harper Anderson,53,6,88,27,5,4,Medium,21,2,8,4
S1174,Hasan Martin,78,3,98,62,5,5,High,36,3,1,6
S1175,Evelyn Hossen,66,10,62,39,0,7,Medium,19,1,7,12
S1176,Hafi Hossen,48,7,80,58,9,5,Medium,38,4,6,11
S1177,Hasan Emon,54,6,41,68,1,2,Medium,23,3,3,7
S1178,Amelia Harris,54,8,49,83,5,5,High,19,2,1,14
S1179,Emma Brown,65,6,82,81,1,0,High,0,2,7,5
S1180,Nedhal Harris,81,2,72,73,2,3,High,0,2,10,0
S1181,Emma Ahmed,99,2,79,28,3,5,Medium,16,0,4,6
S1182,Hafi Anderson,52,7,58,56,4,6,Low,0,3,5,2
S1183,Hasan Thomas,90,4,86,68,8,10,Low,29,1,10,14
S1184,James Walker,71,3,68,60,3,10,Low,2,2,6,12
S1185,Nedhal Walker,78,7,85,36,8,9,High,10,2,9,12
S1186,Shakil Taylor,88,5,72,40,9,2,Medium,23,0,0,12
S1187,Ahmed Anderson,91,1,79,70,2,8,Medium,21,1,7,5
S1188,Harper Johnson,71,3,52,78,7,6,Medium,25,3,3,14
S1189,Mia Hall,43,10,73,58,0,0,High,12,4,8,7
S1190,Harper Anderson,69,3,67,74,8,1,Low,0,0,0,6
S1191,Nedhal Anderson,76,5,52,60,8,0,Low,23,3,10,9
S1192,Emma Martin,62,5,74,58,9,10,Medium,9,4,1,5
S1193,Mia Johnson,78,0,81,32,1,8,Medium,34,2,5,8
S1194,Mia Hossen,84,7,79,83,3,8,Medium,23,2,10,8
S1195,Sophia Taylor,54,5,37,30,7,6,High,27,1,9,0
S1196,Mia Walker,82,2,30,38,6,9,Low,35,4,10,0
S1197,Nedhal Anderson,68,8,37,30,0,2,Medium,15,2,0,0
S1198,Sophia Thomas,75,1,58,96,4,4,Medium,39,2,3,7
S1199,Ava Robinson,52,10,34,65,6,3,Low,15,1,7,11
S1200,Shakil Thomas,71,7,76,64,3,6,High,16,3,9,12
S1201,Hafi Robinson,46,9,63,20,0,8,Medium,14,2,4,13
S1202,Sophia Harris,98,2,94,59,8,1,Medium,15,0,8,11
S1203,Ava Taylor,90,4,84,38,4,7,High,14,0,10,13
S1204,Ilin Johnson,61,5,72,95,1,8,Medium,33,3,10,9
S1205,Amelia Khan,67,9,59,91,7,9,Low,10,4,5,6
S1206,Mahamud Clark,41,5,46,91,1,9,Medium,0,1,0,2
S1207,Mia Martin,81,3,55,80,2,8,Medium,14,0,5,12
S1208,Sophia Khan,84,2,37,31,9,9,Low,25,0,5,1
S1209,Shakil Hossen,96,3,76,80,0,6,Low,3,3,5,3
S1210,Ilin Thompson,92,0,75,52,1,8,Medium,4,4,7,2
S1211,Hasan Brown,45,3,97,64,6,8,Medium,34,4,5,6
S1212,Hasan hossain,67,0,62,88,9,2,Low,12,3,4,9
S1213,Anika Martinez,67,0,30,27,1,3,Medium,9,0,10,14
S1214,Harper Thompson,83,9,48,44,5,1,High,10,1,1,14
S1215,Shakil Taylor,83,5,60,65,2,9,Low,17,0,3,7
S1216,Hasan Thomas,59,4,43,49,3,2,Low,33,4,9,5
S1217,Firas Harris,69,10,82,66,7,10,Medium,38,0,4,2
S1218,Emma Taylor,50,3,77,68,2,10,Low,22,1,9,5
S1219,Evelyn Robinson,97,10,98,66,9,4,Medium,6,2,3,14
S1220,Mia Thompson,94,2,91,37,5,4,Low,38,0,1,1
S1221,Nedhal Emon,67,0,95,85,0,5,Medium,2,3,6,14
S1222,Olivia Martinez,64,5,93,87,6,6,Medium,11,2,9,11
S1223,Firas Hossen,78,1,99,52,7,6,Medium,6,3,9,6
S1224,Hasan Johnson,72,7,92,55,7,0,High,25,3,1,13
S1225,Nedhal Ahmed,40,9,62,38,2,1,High,32,3,0,10
S1226,Anika Walker,96,4,70,47,9,8,Medium,36,0,4,9
S1227,Mahamud hossain,66,6,77,59,0,9,Medium,14,4,0,13
S1228,Nedhal Brown,96,9,42,95,8,1,Low,1,2,0,6
S1229,Hafi Thompson,91,1,60,34,5,5,Medium,6,1,0,3
S1230,Olivia Martin,52,7,97,60,8,10,Low,31,4,5,12
S1231,Anika Martin,80,1,33,58,6,10,High,3,0,8,7
S1232,Nedhal Thompson,42,3,48,21,0,0,Medium,19,3,9,3
S1233,Ilin Martin,78,0,99,82,0,2,Medium,35,1,10,6
S1234,Harper Anderson,45,4,42,48,5,1,Low,31,2,0,3
S1235,Mahamud Robinson,47,8,52,93,4,2,Medium,27,4,4,12
S1236,Ilin Thomas,66,0,30,85,8,4,High,12,4,8,11
S1237,Evelyn Hall,48,8,83,70,1,10,Medium,0,1,8,4
S1238,Isabella Martinez,76,10,44,94,7,9,High,34,0,0,6
S1239,Harper Ahmed,72,7,94,96,4,5,Low,29,2,7,12
S1240,Isabella Martin,90,5,44,29,1,8,Medium,35,1,0,13
S1241,Mahamud Robinson,81,6,50,33,9,10,High,24,3,7,13
S1242,Firas Thompson,83,2,48,70,5,9,Medium,15,2,0,12
S1243,James Clark,63,0,89,92,9,3,High,18,4,4,9
S1244,James Hossen,54,4,62,58,7,6,Low,0,1,7,2
S1245,Anika Rodriguez,98,1,78,47,3,5,Low,4,4,5,9
S1246,Ava Brown,93,4,64,22,1,1,High,21,4,8,4
S1247,Isabella Emon,71,7,73,89,4,9,Low,23,4,0,10
S1248,Evelyn Thompson,71,10,40,46,1,10,High,36,0,8,13
S1249,Ahmed Khan,63,8,95,21,1,10,High,35,4,0,2
S1250,Isabella Khan,80,1,75,57,5,10,Low,35,3,9,4
S1251,Mahamud Anderson,91,2,38,22,9,7,Medium,3,3,9,13
S1252,Shakil Johnson,88,2,32,35,8,6,Low,35,2,2,2
S1253,Sophia Rodriguez,88,0,55,59,3,6,Medium,17,4,0,10
S1254,Evelyn Brown,97,7,77,21,5,7,Low,15,4,2,9
S1255,James Robinson,91,5,95,60,6,10,Low,17,1,10,10
S1256,Firas Hossen,51,7,99,31,5,0,Medium,21,0,1,6
S1257,Ilin Rodriguez,78,10,57,54,7,0,Medium,1,2,1,12
S1258,Ilin Khan,41,8,55,84,3,7,High,20,4,8,0
S1259,Maruf Ahmed,42,4,54,74,0,3,High,35,1,7,8
S1260,Olivia Robinson,88,2,41,64,6,4,Medium,38,0,0,8
S1261,Sophia Thomas,76,4,34,98,2,7,Medium,38,2,3,4
S1262,Anika Clark,88,4,77,81,5,4,High,28,2,0,8
S1263,Emma Walker,95,4,66,68,1,9,Medium,25,4,0,9
S1264,Sophia Taylor,56,2,73,44,8,3,Medium,20,2,3,12
S1265,James Anderson,98,10,44,42,0,5,High,16,1,1,14
S1266,James Emon,88,9,72,43,5,4,Medium,15,2,2,5
S1267,Harper Thompson,41,3,77,57,5,6,Medium,30,3,10,14
S1268,James Emon,41,8,99,47,4,9,High,8,1,8,4
S1269,Nedhal Walker,67,9,75,40,4,6,High,30,0,1,12
S1270,James Thomas,93,8,72,73,0,3,Medium,13,0,3,2
S1271,Amelia Clark,62,1,50,37,9,4,Low,36,4,0,10
S1272,Hasan Khan,76,7,52,55,4,2,Medium,1,4,1,10
S1273,Hasan Emon,71,7,76,64,1,3,Low,13,3,4,7
S1274,Amelia Khan,72,6,44,92,6,3,Medium,32,0,9,3
S1275,Hasan Clark,40,7,54,72,2,2,Low,34,0,0,9
S1276,Ahmed Martin,58,2,65,49,3,9,High,38,0,10,12
S1277,Sophia Harris,41,5,80,79,2,4,Low,19,0,6,14
S1278,Hafi Thompson,92,0,44,51,2,4,Low,1,2,3,12
S1279,Harper Brown,83,6,97,86,3,10,Medium,18,1,5,2
S1280,Maruf Anderson,65,0,50,86,4,6,Medium,36,1,7,12
S1281,Sophia Martinez,71,8,42,47,0,3,Low,17,3,5,5
S1282,Maruf Hossen,45,0,48,63,3,3,Medium,15,2,1,7
S1283,Ahmed Robinson,71,0,63,98,7,8,Medium,3,0,0,12
S1284,Nedhal Thompson,94,6,97,60,9,5,Low,11,0,7,14
S1285,Harper Clark,43,1,81,82,6,3,Low,28,4,7,8
S1286,Nedhal Johnson,94,4,56,42,8,1,High,6,4,8,13
S1287,Mahamud Robinson,50,7,58,94,4,5,Medium,13,3,5,5
S1288,Ilin Hall,95,7,57,67,9,1,Low,11,0,0,4
S1289,Shakil Hall,98,2,64,51,3,4,High,34,3,8,11
S1290,Ilin Rodriguez,56,6,37,76,7,5,High,4,2,2,10
S1291,Shakil hossain,77,2,45,52,8,3,Medium,16,1,10,1
S1292,Isabella Martinez,63,5,65,43,6,2,Medium,31,0,5,1
S1293,Nedhal Walker,44,5,59,58,6,6,High,9,2,9,8
S1294,Harper Khan,91,2,47,53,4,1,High,16,0,9,1
S1295,Amelia Khan,73,6,31,75,3,10,Medium,4,4,10,1
S1296,Hasan Robinson,45,2,78,47,9,5,Medium,8,3,8,2
S1297,Amelia Ahmed,61,7,33,56,0,3,Medium,32,4,10,2
S1298,Ilin Thompson,50,9,36,26,9,5,Medium,35,1,2,3
S1299,Ilin Thomas,87,3,68,87,9,3,Low,35,4,4,6
S1300,James Anderson,55,0,42,56,6,3,Medium,17,0,4,8
S1301,Evelyn Walker,72,3,60,75,0,3,High,8,4,9,1
S1302,Shakil Martinez,48,6,92,84,0,8,Medium,28,0,6,3
S1303,Firas Hall,99,10,85,84,4,6,Medium,13,1,3,8
S1304,Shakil Brown,98,3,71,66,8,2,Medium,24,4,10,13
S1305,Nedhal Anderson,45,5,90,39,5,2,Low,14,3,3,1
S1306,James Thomas,55,8,71,38,2,5,Medium,5,3,6,9
S1307,Emma Harris,68,0,85,48,2,5,Medium,28,3,8,10
S1308,Ilin Thompson,42,4,65,93,6,3,Low,14,4,10,12
S1309,Mahamud Clark,59,10,97,79,5,8,Low,28,4,3,0
S1310,Hafi Thompson,99,6,36,37,8,3,High,3,4,3,9
S1311,Ilin Harris,98,0,83,54,5,8,Low,17,0,5,7
S1312,Nedhal Harris,75,3,30,62,4,3,Low,38,1,5,8
S1313,Ahmed Rodriguez,58,5,73,30,9,1,High,15,3,6,6
S1314,Shakil Walker,65,1,74,68,6,1,Medium,10,0,0,7
S1315,Emma hossain,42,9,76,57,0,4,Medium,13,3,10,3
S1316,Sophia Brown,58,4,42,83,6,3,High,2,0,2,3
S1317,Emma Ahmed,59,10,51,88,2,6,Low,37,4,8,12
S1318,Sophia Hossen,71,9,50,27,8,10,Medium,17,3,5,1
S1319,Shakil Anderson,46,0,38,53,5,4,Medium,19,4,5,7
S1320,Sophia Anderson,91,5,55,67,8,5,High,24,3,4,14
S1321,Amelia Taylor,80,5,38,75,4,9,Medium,37,2,10,10
S1322,Firas Hossen,72,3,44,95,6,3,Medium,12,0,2,1
S1323,James Harris,79,7,39,84,3,1,Medium,3,2,10,8
S1324,Mia Thomas,78,3,71,50,6,9,Medium,13,0,4,13
S1325,Evelyn Taylor,57,7,53,23,0,8,Medium,32,1,0,3
S1326,Ava Martin,79,7,78,69,6,9,Medium,27,3,2,0
S1327,Olivia Hall,40,4,55,88,7,6,Medium,36,1,3,12
S1328,Shakil Martin,50,3,66,49,4,3,Medium,7,1,4,3
S1329,Firas Martinez,67,1,97,78,1,2,Medium,33,0,9,2
S1330,Ilin Hossen,96,10,79,86,4,9,Medium,4,2,8,11
S1331,Ahmed Hall,64,2,53,94,5,2,High,4,4,3,5
S1332,Sophia Taylor,89,2,48,64,1,8,Medium,30,0,2,6
S1333,Isabella Taylor,62,3,89,23,5,4,High,8,4,9,7
S1334,Firas Johnson,70,3,68,45,5,2,High,31,1,0,1
S1335,Mia Walker,69,9,47,46,0,4,Medium,32,4,9,5
S1336,Nedhal hossain,81,10,48,65,0,1,Medium,2,2,5,14
S1337,Ahmed Emon,74,10,65,83,9,10,High,29,0,6,5
S1338,Hafi Ahmed,46,4,84,70,2,3,Medium,11,2,9,9
S1339,Nedhal Rodriguez,99,3,98,69,9,9,High,28,2,7,11
S1340,Olivia Robinson,55,10,76,25,9,1,Medium,2,0,0,4
S1341,Mia Clark,65,9,78,78,2,1,Medium,25,2,3,9
S1342,Maruf Robinson,87,7,62,34,3,7,Low,29,3,10,9
S1343,Ava Emon,96,5,50,49,1,0,Medium,8,3,4,6
S1344,Hasan Walker,91,5,51,61,8,6,High,25,3,1,2
S1345,Amelia Clark,99,7,77,56,9,4,Medium,1,4,0,3
S1346,Nedhal Hall,88,6,66,61,6,10,Medium,2,2,7,9
S1347,Hasan Thompson,41,9,44,54,6,7,High,3,0,5,12
S1348,Sophia Brown,40,10,64,25,5,0,Medium,24,0,4,8
S1349,Hasan Clark,87,9,61,87,2,10,Medium,12,4,8,3
S1350,Sophia Clark,51,7,40,37,5,6,Medium,38,0,10,2
S1351,Firas Martinez,44,1,39,92,7,4,Medium,34,3,10,13
S1352,Hafi Ahmed,76,8,86,48,7,3,Low,22,2,1,1
S1353,Amelia Thompson,71,0,54,96,8,6,Medium,8,0,9,4
S1354,Ava Rodriguez,98,7,31,78,0,9,Medium,1,0,7,3
S1355,Mahamud hossain,94,10,93,66,0,1,Medium,30,1,10,12
S1356,Hasan Thompson,48,3,64,36,2,0,Medium,1,1,9,12
S1357,Hasan Harris,80,3,36,41,2,0,Medium,31,1,8,7
S1358,Harper Ahmed,74,4,47,87,9,10,Low,17,2,0,6
S1359,Anika Hossen,58,7,96,88,7,0,Medium,12,3,6,5
S1360,Ahmed Khan,87,4,71,56,9,4,Low,4,3,7,10
S1361,Nedhal Rodriguez,55,7,68,68,0,9,Medium,9,3,2,11
S1362,Harper Khan,42,9,70,32,1,6,High,24,2,3,1
S1363,Amelia Rodriguez,59,0,53,53,1,1,Medium,33,2,2,2
S1364,James Ahmed,63,9,89,72,2,9,Medium,36,1,6,9
S1365,Ahmed Martin,93,8,75,70,5,7,Low,29,0,8,8
S1366,Sophia Martinez,95,5,48,22,0,3,Low,6,4,2,12
S1367,Sophia Martin,72,2,97,61,1,2,Medium,5,4,5,8
S1368,Firas hossain,63,7,71,51,0,9,Low,2,0,7,14
S1369,Amelia Walker,91,8,61,70,4,10,Medium,12,1,5,4
S1370,Anika hossain,50,5,68,65,6,7,Low,2,0,1,13
S1371,Nedhal Walker,88,10,65,40,7,1,High,25,0,6,2
S1372,Hafi hossain,47,6,65,63,9,10,Medium,23,4,1,1
S1373,James Harris,75,0,32,30,0,10,Low,5,1,1,7
S1374,Isabella Harris,77,4,37,87,6,2,High,11,2,1,14
S1375,Sophia Taylor,79,4,99,20,4,2,Medium,35,4,10,5
S1376,Mahamud Thompson,59,9,70,82,9,9,Low,1,2,0,9
S1377,Olivia Walker,74,3,97,43,0,10,Medium,10,1,10,10
S1378,Ava Hossen,87,5,42,32,2,0,Medium,38,0,0,11
S1379,Mahamud Rodriguez,64,6,78,30,6,5,Medium,33,3,6,6
S1380,Hasan Hall,74,8,89,70,9,1,Low,25,3,4,0
S1381,Anika Martin,64,0,31,36,0,0,Medium,17,1,10,0
S1382,Olivia Hossen,68,5,89,43,6,1,Low,20,3,2,9
S1383,Isabella Khan,57,6,34,38,4,5,Low,35,2,0,1
S1384,Mia Thomas,85,2,73,56,0,3,High,39,3,10,9
S1385,Isabella Ahmed,57,7,56,27,0,5,Medium,21,1,9,14
S1386,Harper Anderson,41,4,61,47,0,8,Medium,29,1,5,2
S1387,Hasan Johnson,93,8,50,24,8,9,Medium,29,2,10,11
S1388,Emma Walker,74,4,37,36,2,9,Low,7,3,0,0
S1389,Isabella Anderson,55,8,79,55,4,7,High,33,3,8,13
S1390,Amelia Taylor,80,9,96,38,9,0,Low,8,0,1,4
S1391,Shakil Hall,75,3,73,83,8,7,Low,19,4,0,14
S1392,Isabella Rodriguez,72,8,87,30,5,8,Medium,39,1,6,14
S1393,Amelia Clark,43,4,32,73,8,5,Medium,24,0,5,2
S1394,Hafi Thomas,72,9,99,64,7,9,Medium,18,1,5,0
S1395,Emma Harris,53,8,31,66,7,4,Low,4,0,4,7
S1396,Amelia Taylor,60,2,73,31,0,5,Medium,10,4,10,11
S1397,Ahmed Martinez,87,3,31,40,8,5,Medium,14,0,3,10
S1398,Amelia Brown,59,8,64,30,5,8,Low,7,1,10,5
S1399,Firas Johnson,95,9,59,24,8,3,High,18,3,3,8
S1400,Maruf Anderson,47,10,37,75,2,1,Low,22,1,2,2
S1401,Firas Martin,46,5,51,39,2,10,Medium,26,2,9,8
S1402,Ahmed Khan,42,1,73,60,5,10,Medium,39,2,7,8
S1403,Olivia Walker,56,6,87,65,8,8,Low,31,2,6,14
S1404,Nedhal Khan,72,1,65,31,6,1,Medium,25,2,8,11
S1405,Anika Martinez,87,10,98,89,2,9,High,26,4,0,14
S1406,James Clark,51,1,60,36,2,8,Low,18,3,6,12
S1407,Isabella Hall,98,10,76,38,1,1,High,28,3,9,11
S1408,Nedhal Martin,90,0,84,45,8,7,Medium,38,1,3,0
S1409,Firas Johnson,61,10,91,67,2,8,Low,32,0,6,2
S1410,Evelyn Taylor,94,10,59,71,4,9,Medium,18,1,0,5
S1411,Mahamud Hossen,61,10,84,89,8,8,Medium,36,1,4,7
S1412,Hasan Brown,85,2,45,74,7,9,Medium,18,1,2,3
S1413,Ava Khan,69,5,41,94,1,8,Medium,32,1,4,4
S1414,Ava Walker,77,7,46,52,2,1,High,15,3,3,8
S1415,Ahmed Thomas,77,8,45,81,1,3,High,22,0,1,5
S1416,Shakil Robinson,84,6,41,42,7,6,Medium,6,1,10,11
S1417,James Rodriguez,90,3,37,34,5,1,Medium,25,3,3,6
S1418,Isabella Johnson,93,5,32,46,5,0,Medium,31,1,2,6
S1419,Sophia Martin,47,4,45,94,8,2,Medium,11,2,0,3
S1420,Isabella Clark,66,7,59,83,7,3,Low,7,1,9,3
S1421,Ahmed Khan,66,0,52,70,3,7,Medium,4,1,7,3
S1422,Hasan Hall,73,0,34,72,3,5,Medium,27,4,4,13
S1423,Mahamud Robinson,60,10,94,97,8,10,Low,4,2,3,14
S1424,Olivia Walker,69,5,59,70,0,1,Low,25,0,9,10
S1425,Sophia Anderson,72,9,50,66,1,8,Medium,4,1,4,4
S1426,Hasan Anderson,67,1,99,23,1,1,Medium,21,0,3,4
S1427,Ahmed Johnson,86,4,51,26,5,4,Medium,14,2,2,7
S1428,Ava Martin,72,0,61,54,3,3,Medium,12,1,4,8
S1429,Evelyn Hall,44,6,62,67,9,6,Medium,27,4,3,1
S1430,Isabella Clark,99,0,45,92,2,7,Medium,32,3,0,10
S1431,Olivia Clark,87,3,67,91,2,4,Low,22,4,2,6
S1432,Isabella Martinez,58,8,43,64,2,9,Low,32,4,9,0
S1433,Hasan Emon,43,0,65,91,5,4,Medium,17,3,9,0
S1434,Harper Rodriguez,74,3,52,38,7,1,Medium,29,3,7,3
S1435,James Brown,88,5,95,82,6,7,Low,25,3,6,9
S1436,Evelyn Johnson,56,5,31,57,3,1,Medium,15,1,1,6
S1437,Nedhal Thompson,83,7,94,86,3,9,Low,12,0,0,1
S1438,Evelyn Harris,67,0,96,78,9,5,Medium,38,0,2,10
S1439,Shakil Brown,69,6,81,88,1,7,Medium,32,3,4,1
S1440,Sophia Hall,68,0,91,32,0,5,Medium,25,4,9,0
S1441,Firas Ahmed,85,6,52,66,8,3,High,0,2,10,9
S1442,Hasan Hall,92,2,55,80,1,3,Low,37,3,0,1
S1443,Emma Thomas,45,10,97,50,7,5,High,1,4,2,12
S1444,Amelia Emon,74,7,84,99,8,3,Medium,5,4,2,14
S1445,James Harris,99,2,35,41,3,7,Medium,37,1,4,6
S1446,Ava Hall,80,0,64,62,7,8,Medium,23,1,2,8
S1447,Nedhal Rodriguez,76,7,51,86,8,0,Medium,17,0,8,5
S1448,Ahmed Rodriguez,63,2,72,73,9,3,Medium,26,0,0,9
S1449,Mia Robinson,68,1,44,29,9,3,Medium,7,2,3,1
S1450,Hafi Thompson,88,0,89,61,4,1,Low,27,2,9,11
S1451,Olivia Thomas,85,2,41,83,6,5,Low,9,2,9,14
S1452,Hafi Robinson,92,1,78,40,9,2,Medium,16,2,3,9
S1453,Amelia Martin,70,1,71,99,3,6,Medium,28,4,0,14
S1454,Ilin Walker,74,5,67,95,0,10,Medium,5,4,1,9
S1455,Emma Clark,99,0,74,85,2,10,Low,13,0,10,12
S1456,Ahmed Thompson,72,1,64,60,4,4,Medium,21,1,0,8
S1457,Hasan Thompson,91,5,59,43,2,3,High,5,1,5,6
S1458,Olivia Martinez,60,2,59,54,6,4,High,25,3,2,10
S1459,Anika Ahmed,71,3,35,75,8,7,Medium,38,4,6,0
S1460,Harper Clark,62,0,96,49,5,2,Medium,11,2,4,11
S1461,Nedhal Johnson,72,7,36,76,9,6,High,34,2,8,8
S1462,Mahamud Emon,42,6,81,66,0,5,Medium,13,3,6,1
S1463,Mia Rodriguez,57,6,43,54,6,0,Medium,21,1,3,3
S1464,James Johnson,64,2,44,38,2,6,High,22,2,4,8
S1465,Mahamud Harris,81,9,50,27,4,6,Medium,6,1,4,3
S1466,Harper Anderson,70,9,64,45,9,0,Medium,39,3,10,2
S1467,Isabella Clark,93,2,95,90,3,8,Low,24,1,4,0
S1468,Amelia Taylor,97,1,31,49,9,5,Low,12,1,9,6
S1469,Shakil Khan,42,0,64,26,4,1,High,20,1,8,14
S1470,Ava Martin,79,6,49,86,4,4,Medium,9,2,9,5
S1471,Harper Ahmed,85,6,39,84,5,10,Medium,8,0,2,9
S1472,Harper Robinson,63,1,54,55,9,3,Low,14,4,5,3
S1473,Ahmed Khan,89,6,95,44,9,6,Medium,1,1,7,5
S1474,Olivia Clark,71,7,54,56,5,7,Medium,24,1,10,5
S1475,Olivia Anderson,86,0,83,20,7,10,Low,12,1,8,12
S1476,Amelia Martin,61,8,62,34,7,10,High,33,0,6,3
S1477,Anika Harris,62,6,65,56,8,0,Low,33,3,2,13
S1478,Nedhal Rodriguez,41,2,43,32,7,4,Medium,34,2,0,12
S1479,Amelia Khan,66,7,94,27,1,2,Medium,37,0,3,5
S1480,James Walker,81,6,83,24,9,0,Low,2,1,5,9
S1481,Maruf Martinez,41,10,81,79,0,2,High,5,0,2,10
S1482,Mahamud Emon,65,7,32,92,9,5,Medium,18,0,0,7
S1483,Maruf Brown,56,5,70,20,1,6,Medium,2,0,5,12
S1484,Hasan Robinson,79,8,35,55,1,7,Low,17,3,0,2
S1485,Hafi Emon,72,4,54,54,2,10,Low,38,4,8,3
S1486,Hasan Ahmed,48,2,42,85,9,3,Low,8,2,10,9
S1487,Isabella Martin,82,2,37,82,6,2,Medium,11,3,0,12
S1488,Firas Hall,93,0,50,42,1,4,Medium,4,3,5,11
S1489,Amelia Anderson,87,7,97,28,0,8,High,2,4,0,13
S1490,James Walker,78,1,54,53,5,5,Medium,10,3,6,14
S1491,Amelia hossain,68,2,97,65,8,8,High,29,0,2,0
S1492,Hafi Walker,81,7,74,97,2,5,Medium,3,0,5,3
S1493,Harper Martinez,94,7,89,23,5,1,Medium,4,1,6,10
S1494,James Thompson,65,10,41,49,2,4,Low,0,3,0,9
S1495,Mahamud Khan,74,3,61,94,0,10,Medium,26,1,0,9
S1496,Firas Martinez,89,3,42,91,4,8,Low,27,2,4,11
S1497,Sophia Robinson,64,4,60,22,9,7,Low,28,0,5,13
S1498,Emma Thompson,63,5,49,33,3,6,Medium,17,2,8,8
S1499,Amelia Martinez,52,4,47,79,6,0,High,11,4,0,7
S1500,Ilin Anderson,99,6,89,96,5,3,Low,12,0,3,10
S1501,Amelia Johnson,97,1,92,64,9,6,Medium,1,2,9,3
S1502,Maruf Emon,46,6,35,53,6,10,High,36,4,7,11
S1503,Firas Thompson,96,9,61,64,4,6,Medium,15,2,9,6
S1504,Olivia Clark,75,6,72,80,3,5,Low,23,4,8,9
S1505,Olivia Emon,84,0,31,35,6,7,Low,34,4,2,2
S1506,James Ahmed,59,6,89,85,6,10,Medium,21,0,10,8
S1507,Maruf Robinson,40,4,52,59,5,5,Medium,35,1,1,9
S1508,Maruf Brown,47,2,60,36,7,9,High,10,4,3,3
S1509,Amelia Harris,85,2,34,53,3,2,Medium,28,4,1,1
S1510,Hafi Martinez,55,3,63,35,9,3,Low,34,0,0,9
S1511,Ahmed Thompson,53,1,39,79,4,2,Low,14,1,2,4
S1512,Harper Martinez,51,1,31,85,3,0,Medium,30,3,6,1
S1513,Hafi Rodriguez,90,0,40,85,0,9,Low,15,3,0,13
S1514,Harper Johnson,62,4,79,32,7,4,Medium,9,1,1,9
S1515,Evelyn Brown,54,3,60,75,0,0,Medium,31,2,0,5
S1516,Sophia Martin,67,10,85,50,4,0,Low,1,0,7,10
S1517,Sophia Brown,73,9,38,53,5,1,Low,23,1,4,9
S1518,Nedhal Taylor,41,1,50,58,5,3,Medium,22,3,7,0
S1519,Olivia Clark,71,2,57,86,4,5,Low,1,4,2,13
S1520,Ava Martin,62,6,91,27,2,7,Low,37,3,6,5
S1521,Shakil Johnson,61,6,36,97,4,2,Medium,30,4,7,3
S1522,Hafi Johnson,90,3,45,74,7,0,High,39,0,5,2
S1523,Isabella hossain,64,4,33,46,1,2,Low,25,4,6,1
S1524,Mia Robinson,97,4,33,72,5,2,Medium,28,1,1,6
S1525,Maruf Khan,61,5,69,58,8,4,Medium,2,4,7,8
S1526,Anika Robinson,97,8,46,84,7,10,Medium,13,2,4,11
S1527,Firas Thomas,97,1,81,36,7,3,High,24,1,6,2
S1528,Ava Thomas,61,4,81,49,7,3,Medium,0,0,0,5
S1529,Ahmed Martinez,88,2,65,72,6,8,High,2,1,4,8
S1530,Evelyn Khan,91,3,67,32,7,6,Low,25,2,0,1
S1531,Amelia Hall,81,9,79,40,5,3,Low,17,0,7,6
S1532,Maruf Khan,45,5,92,38,1,2,High,8,3,3,4
S1533,James Harris,54,7,92,72,1,5,Medium,37,2,3,4
S1534,James Harris,93,0,91,38,7,2,Low,22,0,1,10
S1535,Shakil Clark,82,9,36,76,0,5,Medium,20,4,4,6
S1536,Isabella Walker,99,7,56,44,5,10,High,0,1,0,8
S1537,Ava Brown,76,10,43,50,5,10,High,20,0,8,3
S1538,James hossain,72,6,34,74,3,8,Medium,26,1,4,8
S1539,Firas Martin,47,0,84,42,9,5,High,5,4,5,14
S1540,Nedhal Harris,92,1,31,51,2,3,Low,35,0,1,13
S1541,James Martin,99,2,91,81,2,4,Low,27,3,9,12
S1542,Mahamud Martinez,83,0,50,93,0,5,Medium,16,2,9,10
S1543,Amelia Taylor,83,8,50,29,2,10,Low,39,0,0,9
S1544,Sophia Martinez,44,7,39,91,3,2,Medium,2,4,3,8
S1545,Firas hossain,78,1,87,73,4,7,Medium,11,0,6,12
S1546,Firas Martin,43,8,68,71,2,3,Medium,38,1,5,3
S1547,Isabella Ahmed,45,6,34,39,5,7,Low,11,0,9,2
S1548,Ilin Harris,84,8,94,51,4,9,Low,1,3,0,1
S1549,Shakil Hall,71,5,42,33,2,9,Medium,21,0,0,8
S1550,Emma Rodriguez,91,5,82,69,5,2,Medium,22,2,7,11
S1551,Isabella Khan,69,10,74,47,5,9,Medium,29,0,3,1
S1552,Evelyn hossain,86,3,61,72,7,6,Medium,4,1,4,5
S1553,Sophia Hossen,74,9,65,43,1,10,Medium,8,0,6,4
S1554,Evelyn Harris,94,9,89,98,0,8,High,20,3,7,13
S1555,Maruf Taylor,79,1,40,41,3,3,Low,10,4,9,4
S1556,Emma Martin,91,6,92,49,6,7,Low,4,0,6,3
S1557,James Johnson,55,4,50,82,9,2,High,34,0,1,5
S1558,Firas hossain,52,10,81,23,2,6,Medium,26,2,3,4
S1559,Maruf Brown,89,5,84,96,2,2,High,1,3,9,10
S1560,Isabella Thompson,99,1,55,78,4,6,Medium,23,4,0,3
S1561,Nedhal Thomas,81,4,97,27,4,10,Medium,30,1,9,12
S1562,Mahamud Anderson,69,9,63,31,9,9,Medium,32,0,8,8
S1563,Harper hossain,58,3,81,50,2,9,Medium,38,4,2,12
S1564,Anika Emon,56,8,81,97,8,10,Medium,29,1,2,5
S1565,Hasan Thomas,95,5,58,53,3,10,Medium,36,3,9,10
S1566,Hasan Rodriguez,58,1,67,94,2,5,Medium,27,3,8,9
S1567,Isabella Thompson,67,0,71,95,1,1,High,30,4,9,9
S1568,Olivia Clark,97,4,50,68,9,10,Low,10,1,2,12
S1569,Ahmed Anderson,94,8,71,98,8,2,Low,22,3,7,9
S1570,Sophia Martinez,65,5,42,76,3,5,Medium,1,4,1,12
S1571,Harper hossain,76,9,93,45,2,3,Medium,39,3,2,2
S1572,Ahmed Martinez,65,6,46,37,6,5,High,26,3,1,9
S1573,Shakil Harris,92,4,38,57,7,0,Medium,34,3,0,5
S1574,Harper Taylor,62,9,70,69,1,9,Medium,1,2,1,13
S1575,James hossain,48,5,30,27,6,0,Medium,38,1,7,0
S1576,Hasan Hall,51,4,31,60,4,2,Medium,36,4,8,4
S1577,Ilin hossain,92,10,89,25,4,7,High,20,4,1,9
S1578,Olivia Khan,40,8,77,88,2,7,Low,4,1,6,5
S1579,Amelia Ahmed,97,5,58,63,4,10,Medium,20,1,4,14
S1580,Evelyn Walker,97,10,39,83,1,3,High,28,1,2,10
S1581,Hafi Khan,40,7,87,48,3,5,High,19,1,8,7
S1582,Ahmed Clark,86,1,89,47,5,7,Medium,37,0,5,10
S1583,Isabella Robinson,73,8,50,30,0,6,Medium,19,4,10,14
S1584,Olivia Anderson,71,4,57,84,9,10,Low,24,0,0,14
S1585,Emma Johnson,93,6,63,38,3,6,Medium,1,3,4,8
S1586,Isabella Rodriguez,87,9,37,28,5,3,High,31,3,6,10
S1587,Olivia Taylor,64,0,88,46,8,8,Medium,25,4,3,2
S1588,Sophia Walker,79,9,78,53,1,9,Low,5,3,7,1
S1589,Maruf Martinez,84,4,46,63,6,5,Low,2,1,9,12
S1590,James hossain,92,9,89,87,5,10,Low,32,0,4,3
S1591,Harper Robinson,40,1,74,34,1,2,Low,0,1,8,7
S1592,Firas Anderson,55,5,98,70,7,4,Low,4,3,8,10
S1593,Nedhal Taylor,78,10,61,32,6,4,Medium,12,0,8,7
S1594,Amelia Robinson,44,0,73,68,4,4,Low,18,1,0,2
S1595,Hasan Johnson,61,2,94,89,4,7,Low,11,4,1,3
S1596,Mia Hossen,68,4,37,75,6,8,Medium,24,1,2,2
S1597,James Clark,94,3,72,95,8,8,Low,34,3,3,9
S1598,Sophia hossain,42,2,30,70,8,5,Low,11,0,9,1
S1599,Olivia hossain,51,9,80,56,8,5,Medium,29,4,8,3
S1600,Harper hossain,65,4,53,36,5,8,Low,4,0,9,5
S1601,Emma Martinez,55,10,53,77,9,3,Medium,33,4,5,10
S1602,Hasan Hossen,90,7,46,48,5,5,Low,21,0,0,13
S1603,Olivia Clark,76,10,34,52,2,3,Medium,38,3,8,10
S1604,Ahmed Hossen,61,3,49,79,0,10,High,12,4,5,4
S1605,Evelyn Ahmed,96,0,50,74,6,0,Medium,2,2,3,2
S1606,Emma Thompson,68,10,87,29,3,6,Medium,19,0,3,1
S1607,Sophia Anderson,53,6,60,66,0,9,High,30,0,2,8
S1608,Firas Hossen,67,7,40,42,7,10,Medium,4,1,6,14
S1609,Ahmed Walker,44,2,81,40,5,5,Low,23,4,2,0
S1610,Mahamud Hall,86,5,44,32,5,8,Medium,39,2,1,8
S1611,Mahamud Khan,88,1,36,52,1,6,High,32,3,9,0
S1612,Hafi Anderson,69,6,57,43,0,6,Medium,7,1,7,14
S1613,Evelyn Ahmed,85,7,80,30,1,1,Low,23,2,3,13
S1614,Hasan Anderson,91,5,87,36,3,10,Medium,19,4,7,6
S1615,Maruf Walker,44,5,34,87,1,8,High,15,2,0,5
S1616,Hasan Thomas,51,4,34,66,0,9,Low,11,0,4,6
S1617,Olivia Ahmed,55,7,37,44,6,8,Medium,12,0,8,14
S1618,Maruf Ahmed,65,0,93,92,7,5,Low,38,1,0,2
S1619,Mia Khan,65,9,39,40,5,2,Medium,24,4,10,13
S1620,Firas Thompson,87,3,67,31,3,0,Low,31,4,3,2
S1621,Shakil Thomas,60,3,37,56,5,3,Medium,23,2,5,12
S1622,Hasan Johnson,78,2,54,61,2,2,High,8,1,9,10
S1623,Maruf Robinson,75,2,95,36,7,0,Medium,39,4,7,0
S1624,Anika Taylor,72,3,79,67,9,2,Medium,22,0,2,3
S1625,Ahmed Rodriguez,69,10,96,47,1,3,Medium,12,2,4,11
S1626,James hossain,76,0,78,60,4,7,Low,31,3,6,1
S1627,Anika Hall,62,10,65,66,0,8,Medium,14,0,0,9
S1628,Olivia Clark,97,10,97,37,5,2,Low,35,1,6,7
S1629,Anika Khan,49,1,70,97,1,5,Medium,4,4,10,2
S1630,Evelyn Johnson,93,8,91,90,3,9,Low,21,0,7,6
S1631,Anika Martin,44,9,39,32,5,10,Medium,15,3,7,6
S1632,James Ahmed,75,1,50,32,9,4,High,9,3,8,11
S1633,Emma Rodriguez,73,4,65,50,7,5,High,23,1,5,8
S1634,Ilin Robinson,91,8,41,21,7,3,Medium,17,0,5,5
S1635,Olivia Rodriguez,70,8,31,35,5,9,Low,17,2,1,0
S1636,James Brown,49,7,42,28,3,5,Medium,6,0,2,7
S1637,Ahmed Thompson,97,0,82,92,7,6,High,3,3,3,0
S1638,Evelyn Anderson,58,0,61,57,7,8,Low,25,1,3,2
S1639,Ahmed Anderson,97,8,45,94,9,9,High,4,1,7,10
S1640,Hasan Hall,71,10,61,73,0,6,Medium,15,2,0,4
S1641,Harper Thompson,40,7,61,75,3,5,High,34,1,9,7
S1642,Ilin Emon,95,9,40,64,3,0,High,25,1,3,8
S1643,Isabella Clark,44,8,39,53,6,1,High,17,1,10,14
S1644,Anika Robinson,84,6,44,28,6,0,Medium,28,1,10,6
S1645,Olivia Taylor,43,2,46,27,7,8,Low,22,1,10,8
S1646,Harper Hossen,55,2,69,26,4,9,Medium,13,3,3,10
S1647,Nedhal Clark,63,1,47,55,6,9,Medium,14,0,0,2
S1648,Sophia Robinson,55,4,84,37,7,8,Low,32,4,2,12
S1649,Hafi Clark,94,2,54,22,8,6,Medium,24,1,4,4
S1650,Ilin Robinson,41,5,88,47,2,1,Medium,20,4,5,9
S1651,Olivia Thompson,88,1,51,89,2,5,Medium,16,4,8,7
S1652,Nedhal Thompson,67,2,59,63,3,10,Medium,22,3,8,11
S1653,Hasan hossain,71,4,73,40,4,3,Low,16,1,8,0
S1654,Maruf Rodriguez,66,10,61,47,9,0,High,13,4,10,7
S1655,Ahmed Brown,59,10,80,73,0,0,Low,28,1,0,6
S1656,Ahmed Brown,63,0,75,73,6,4,Medium,19,2,8,0
S1657,Nedhal Taylor,51,0,50,84,8,1,Medium,29,2,7,12
S1658,Mia Anderson,89,9,61,40,7,3,High,18,2,1,12
S1659,Harper Johnson,74,8,68,32,4,0,Low,38,4,10,9
S1660,Firas Walker,99,6,41,76,3,3,Medium,12,2,0,11
S1661,Harper Thompson,72,0,76,68,6,10,Medium,17,3,0,9
S1662,Olivia Robinson,72,7,47,73,4,5,Low,22,3,5,14
S1663,Mia Robinson,90,2,50,29,6,9,Medium,32,4,8,11
S1664,Emma Martin,82,7,42,72,0,3,High,38,1,6,5
S1665,Evelyn Martin,76,4,50,63,0,0,High,39,0,4,0
S1666,Mia Taylor,51,0,37,66,9,6,Low,17,1,10,1
S1667,Firas Emon,42,6,75,72,2,1,Low,8,1,1,4
S1668,Mahamud Anderson,40,4,36,93,1,8,Medium,32,1,0,1
S1669,Amelia Khan,72,5,52,65,1,2,Medium,31,1,1,13
S1670,Olivia hossain,79,5,51,32,6,7,Low,16,0,0,9
S1671,Harper hossain,49,7,51,56,9,7,Low,18,2,2,0
S1672,Olivia Harris,82,8,58,43,1,2,High,26,1,5,5
S1673,Firas Khan,83,1,42,21,3,3,High,5,3,7,7
S1674,Nedhal Walker,68,8,31,33,1,1,Low,34,4,2,7
S1675,Evelyn Walker,52,10,58,29,5,3,Medium,36,4,9,12
S1676,Shakil Harris,51,9,81,54,7,10,Medium,33,3,8,12
S1677,Shakil Thomas,70,8,56,44,9,10,Low,19,1,9,7
S1678,Hasan Martin,85,9,79,22,3,10,Medium,24,0,4,10
S1679,Hafi hossain,41,9,52,36,4,8,Medium,3,2,6,5
S1680,Shakil Thomas,90,6,73,31,3,1,High,9,4,7,10
S1681,Maruf Hall,89,0,51,73,2,2,Medium,9,2,2,2
S1682,Ilin Brown,74,6,72,43,4,10,Medium,23,0,1,0
S1683,Maruf Ahmed,62,9,66,48,8,10,Medium,20,4,1,1
S1684,Ahmed Emon,56,4,90,62,7,3,Low,10,2,4,4
S1685,Mahamud Martinez,65,5,85,44,7,4,Medium,26,0,0,12
S1686,Nedhal Clark,47,9,32,79,7,0,Medium,15,2,1,9
S1687,Hafi Thomas,68,6,92,84,7,6,Low,25,1,8,4
S1688,Mia Martin,65,4,48,47,6,9,Low,29,0,6,9
S1689,Hafi Hall,49,6,52,35,7,6,Low,15,2,5,13
S1690,Evelyn Brown,65,8,58,66,7,8,High,6,1,8,0
S1691,Emma Anderson,73,2,59,77,7,3,Low,15,1,6,0
S1692,Ava Johnson,90,7,68,95,9,5,Low,34,0,10,14
S1693,Ahmed Harris,80,1,54,46,6,10,Medium,15,3,4,8
S1694,James Robinson,46,10,37,72,0,1,Medium,39,4,8,1
S1695,Amelia Clark,43,6,87,61,3,3,Low,11,0,5,6
S1696,Nedhal Harris,97,1,45,78,3,1,High,34,1,5,9
S1697,Mahamud Emon,92,3,30,66,4,9,High,20,1,10,3
S1698,Olivia hossain,89,6,34,53,9,4,Medium,35,0,3,6
S1699,Nedhal Taylor,84,2,32,56,5,6,Medium,16,3,0,7
S1700,Isabella Hall,50,1,94,25,3,0,Low,31,4,4,4
S1701,Amelia Emon,68,10,33,26,1,9,Medium,5,2,10,12
S1702,Isabella Johnson,95,9,93,44,5,9,Medium,23,0,8,11
S1703,Sophia Martinez,75,6,39,52,7,6,Low,26,4,7,11
S1704,Evelyn Johnson,64,0,50,74,7,9,Low,19,4,7,0
S1705,Shakil Hossen,60,7,75,77,6,5,Medium,24,1,4,3
S1706,Isabella Hossen,96,2,56,26,5,5,Low,1,2,8,9
S1707,Maruf Harris,75,1,95,76,1,7,High,8,0,2,2
S1708,Isabella Thompson,49,2,70,31,6,7,Low,27,1,2,9
S1709,Olivia Ahmed,76,4,42,35,4,5,Medium,37,1,0,14
S1710,Amelia Robinson,48,10,38,99,5,2,Medium,2,3,8,11
S1711,Ava Anderson,63,7,65,62,9,4,Medium,19,4,5,4
S1712,Ilin Walker,74,9,87,96,7,1,Medium,5,0,1,9
S1713,Sophia Emon,88,6,83,26,7,4,Medium,38,0,7,12
S1714,Harper hossain,74,6,41,70,2,8,High,32,0,8,9
S1715,Ahmed Martinez,87,6,43,92,6,9,Medium,0,1,8,12
S1716,Emma Robinson,75,7,63,51,0,0,Medium,36,3,1,5
S1717,Shakil Clark,57,0,82,94,0,9,Medium,5,2,1,1
S1718,Ahmed Thompson,88,3,49,27,6,4,Medium,33,1,6,6
S1719,Firas Robinson,78,5,45,91,9,5,Medium,14,2,10,12
S1720,Firas Martinez,71,8,99,64,8,10,High,25,3,3,2
S1721,Nedhal Martin,63,1,85,78,6,6,Low,13,4,0,14
S1722,Olivia Martinez,62,0,87,23,9,8,Medium,6,0,7,0
S1723,Shakil Thompson,71,9,33,86,4,5,Medium,30,2,1,9
S1724,Ava Clark,76,1,33,48,7,4,Medium,23,1,2,2
S1725,Mia Brown,51,6,49,48,1,6,High,30,2,4,8
S1726,Nedhal Taylor,88,2,39,47,8,0,High,28,4,2,9
S1727,Sophia Robinson,94,9,53,96,5,10,Medium,31,0,6,10
S1728,Firas Martinez,52,1,55,98,8,4,Low,16,2,6,10
S1729,Anika Brown,62,10,66,63,1,1,Low,13,4,1,14
S1730,Ilin Martin,64,6,83,23,2,3,Medium,39,1,6,5
S1731,Hafi Khan,74,1,50,28,7,6,High,35,3,10,10
S1732,Hafi Thomas,80,2,67,24,0,4,Low,23,1,5,5
S1733,Ahmed Emon,69,10,75,75,9,5,Low,26,0,9,3
S1734,Olivia Emon,56,6,33,69,6,1,Low,24,1,8,14
S1735,Anika Hossen,88,3,89,94,6,2,High,31,1,8,7
S1736,Mia hossain,59,0,86,34,0,6,Medium,17,1,1,4
S1737,Maruf Khan,87,4,74,51,8,10,Medium,17,1,6,6
S1738,Olivia Anderson,64,8,49,47,7,1,Medium,36,0,4,8
S1739,Hasan Hossen,61,7,46,41,3,5,High,25,4,5,12
S1740,Ava Anderson,52,8,33,36,9,4,Medium,8,2,0,12
S1741,Ahmed Thomas,98,9,43,78,4,9,Medium,34,3,6,13
S1742,Amelia Clark,58,8,32,90,1,0,Low,7,2,5,4
S1743,Firas Hall,88,6,87,76,8,10,Medium,19,2,3,10
S1744,James Hall,75,3,84,45,5,9,Medium,21,3,0,13
S1745,Evelyn Thompson,51,4,33,44,2,10,High,18,0,8,4
S1746,Hafi Anderson,80,0,53,29,6,3,Low,29,3,3,13
S1747,James Brown,58,0,63,64,8,10,Low,27,0,1,3
S1748,Amelia Clark,51,2,59,30,2,1,Low,34,2,7,5
S1749,Isabella Harris,48,7,48,96,1,3,Medium,10,0,1,1
S1750,Firas Johnson,46,1,60,72,6,0,High,30,4,4,2
S1751,Mia Emon,67,3,89,91,6,1,Low,38,3,10,0
S1752,Ahmed Martin,53,1,89,87,3,7,Medium,35,4,5,1
S1753,James Clark,70,4,48,47,8,5,Medium,29,2,10,1
S1754,Emma Johnson,91,8,78,94,7,1,Low,22,3,7,7
S1755,Mia Martin,58,0,92,84,0,5,Medium,18,2,10,7
S1756,Ahmed Brown,97,4,51,68,0,9,Low,11,4,0,1
S1757,Evelyn Emon,86,8,53,66,4,8,Medium,14,2,0,12
S1758,Ilin Clark,55,0,59,71,5,6,Medium,30,3,3,13
S1759,Firas Walker,92,8,87,73,2,8,Medium,36,3,4,5
S1760,Emma Clark,44,7,60,79,8,4,Low,36,2,8,14
S1761,Firas Hossen,74,3,93,76,9,6,High,14,3,10,4
S1762,Hafi Rodriguez,51,10,48,66,5,10,Medium,28,3,6,2
S1763,Anika Anderson,64,9,77,50,3,6,Medium,25,2,6,4
S1764,Emma Clark,91,4,74,65,6,2,Low,1,4,7,4
S1765,Olivia Thompson,98,4,84,45,7,6,Low,19,3,4,4
S1766,Ahmed Emon,60,10,84,24,8,0,Low,14,3,4,2
S1767,Ava Johnson,75,5,47,71,5,8,Low,3,3,0,14
S1768,Sophia Clark,92,6,92,94,5,9,Medium,21,3,8,2
S1769,James Emon,62,7,76,73,7,5,High,37,2,5,3
S1770,Anika Thomas,55,7,86,52,4,4,Medium,22,4,8,6
S1771,Mia hossain,96,10,74,69,2,6,Low,25,4,2,11
S1772,Isabella Martinez,78,1,62,57,2,4,Medium,10,0,4,11
S1773,Nedhal Thompson,84,8,46,46,5,9,Low,27,3,1,11
S1774,Evelyn Johnson,92,6,99,34,1,4,Medium,1,3,9,13
S1775,Hafi Brown,81,3,33,80,5,10,Medium,7,0,4,1
S1776,Hafi Taylor,97,3,49,40,5,9,Medium,28,4,7,9
S1777,Harper Martinez,78,10,76,65,7,10,High,10,1,10,3
S1778,Isabella Harris,53,7,44,88,6,6,Low,36,1,1,3
S1779,Evelyn Anderson,70,3,99,25,7,9,Medium,17,4,7,0
S1780,Hafi Brown,97,5,76,57,8,6,High,13,3,3,9
S1781,Firas Anderson,44,4,38,81,5,10,Medium,9,1,9,7
S1782,Mia Martin,74,2,45,81,2,2,Medium,34,2,9,0
S1783,Ilin Anderson,62,9,98,97,9,2,High,8,2,0,7
S1784,Evelyn Brown,68,10,90,93,2,9,Low,34,0,4,6
S1785,Isabella Walker,82,1,39,65,0,2,High,10,4,0,8
S1786,Ilin Thompson,50,8,79,32,4,5,Low,11,4,6,7
S1787,Maruf Emon,57,9,32,22,3,5,Medium,2,1,7,4
S1788,Ahmed Robinson,86,8,99,25,8,2,High,38,3,2,7
S1789,Anika hossain,51,0,80,27,8,2,Low,13,4,2,13
S1790,Shakil hossain,48,9,48,63,4,7,Medium,27,1,6,14
S1791,Isabella Thomas,49,2,71,52,9,7,Medium,10,1,3,10
S1792,Mahamud Thompson,97,7,64,94,3,6,High,38,4,2,9
S1793,Amelia Hossen,83,5,75,96,6,9,High,24,1,7,11
S1794,Sophia Anderson,56,4,55,69,5,3,Medium,20,0,2,14
S1795,Maruf Brown,77,4,98,30,3,3,Medium,9,0,6,11
S1796,Isabella Taylor,46,5,93,47,9,2,High,14,4,1,2
S1797,Anika Walker,85,6,66,89,1,4,Medium,18,3,10,14
S1798,Anika Johnson,52,0,78,60,0,2,Medium,21,0,10,9
S1799,Hafi Anderson,79,8,50,35,3,7,Medium,20,0,0,6
S1800,Evelyn Martinez,81,2,93,87,3,6,Medium,31,4,5,11
S1801,Maruf Thomas,48,3,34,67,0,2,Low,22,2,7,3
S1802,Ava Thomas,89,9,99,75,5,8,Low,12,1,0,4
S1803,James Johnson,66,0,33,83,3,4,Low,4,0,9,8
S1804,Nedhal hossain,97,10,68,78,0,8,High,3,2,8,6
S1805,Sophia Clark,41,9,64,81,0,6,Medium,27,3,2,3
S1806,Evelyn Martin,44,2,30,95,0,6,Medium,13,2,2,5
S1807,James Khan,68,1,53,30,7,5,Medium,7,4,3,9
S1808,Harper Khan,76,1,86,37,9,1,Low,8,3,10,13
S1809,Isabella Rodriguez,77,0,99,38,7,8,Medium,34,3,0,10
S1810,Mahamud hossain,58,7,70,74,1,5,Medium,36,2,8,6
S1811,Firas Clark,47,2,83,45,6,7,Medium,20,4,10,12
S1812,James Martin,87,2,75,25,7,0,High,17,0,2,9
S1813,Ilin Emon,84,5,89,23,7,4,Medium,32,2,9,12
S1814,Anika Robinson,40,7,89,48,9,0,Medium,7,0,3,8
S1815,Ava Hossen,61,8,86,78,6,9,Medium,16,2,0,3
S1816,Evelyn Anderson,91,8,60,36,4,10,High,30,0,3,9
S1817,Hasan Johnson,56,3,53,62,0,7,Medium,33,2,0,2
S1818,Amelia hossain,46,4,65,99,8,7,Low,5,3,4,7
S1819,Harper Taylor,64,1,59,85,6,0,Medium,21,1,4,14
S1820,Anika Taylor,84,10,53,53,1,8,Medium,13,3,10,0
S1821,Isabella Brown,43,8,59,27,5,1,Medium,2,0,6,8
S1822,Ava Harris,75,7,36,32,1,8,Low,11,4,7,12
S1823,James Emon,45,2,64,27,0,0,High,35,3,3,0
S1824,Maruf Robinson,99,10,84,84,6,9,High,11,1,6,1
S1825,Ahmed Khan,70,8,43,62,1,8,Low,1,0,3,12
S1826,James hossain,58,2,39,58,1,3,High,1,3,2,7
S1827,Shakil Robinson,83,8,45,78,4,8,Low,14,2,5,8
S1828,Emma Martinez,93,1,83,63,4,6,Low,22,4,3,6
S1829,Anika hossain,78,9,99,28,6,10,Low,28,0,2,2
S1830,Sophia Martinez,66,8,73,56,0,5,Low,16,3,8,6
S1831,Ahmed hossain,49,7,74,93,7,4,High,31,0,4,5
S1832,Sophia Ahmed,65,8,85,55,2,10,Low,6,2,6,1
S1833,Hafi Taylor,58,4,86,47,3,8,Low,29,1,5,2
S1834,Hafi Anderson,78,10,50,61,8,1,Low,27,3,9,10
S1835,Maruf Johnson,42,10,97,62,3,10,Low,13,0,4,12
S1836,Isabella Rodriguez,84,1,79,61,9,1,Low,29,0,6,11
S1837,Maruf Rodriguez,52,7,62,85,4,10,Medium,16,0,10,12
S1838,James Ahmed,89,5,36,74,6,8,Low,31,1,5,9
S1839,Ahmed Ahmed,67,7,99,91,3,2,High,5,0,9,9
S1840,Hasan Hossen,97,10,44,67,0,7,High,23,4,1,12
S1841,Maruf Walker,59,4,61,41,8,10,Low,5,4,2,11
S1842,Evelyn Emon,67,9,49,46,3,8,High,26,0,1,14
S1843,Nedhal Taylor,47,1,44,86,8,7,Low,17,4,2,4
S1844,Isabella Khan,80,5,77,32,5,3,Low,23,3,0,9
S1845,Isabella Taylor,78,4,50,64,0,0,Low,36,4,7,3
S1846,Emma Khan,40,4,71,29,2,3,Medium,23,0,5,1
S1847,Nedhal Clark,42,0,55,28,1,8,Medium,37,2,1,3
S1848,Ahmed Taylor,52,1,43,73,8,1,Medium,33,3,7,11
S1849,Amelia Walker,67,7,86,46,0,2,Medium,39,1,5,7
S1850,Shakil Emon,96,2,66,53,8,9,Medium,14,0,6,4
S1851,Firas Khan,99,9,87,20,8,7,Low,10,1,10,4
S1852,Maruf Martin,88,2,50,51,7,5,Medium,21,2,0,12
S1853,Nedhal Ahmed,64,7,98,90,7,7,Low,23,1,6,11
S1854,Evelyn hossain,95,7,32,86,0,6,Low,0,0,2,11
S1855,Sophia Hall,72,1,66,39,7,4,Low,17,0,10,9
S1856,Nedhal Thomas,77,7,78,54,9,8,Low,11,2,7,2
S1857,Ahmed Emon,92,10,48,97,2,3,Medium,27,0,5,12
S1858,Mia Brown,45,0,41,36,6,5,High,39,2,3,7
S1859,Anika Walker,97,5,90,37,0,1,Low,6,2,10,5
S1860,Anika Emon,83,7,70,64,0,1,Medium,22,0,7,1
S1861,Harper Ahmed,84,2,62,72,9,1,Medium,20,4,8,1
S1862,Ilin Rodriguez,71,7,79,87,4,9,High,33,2,9,8
S1863,Emma Martinez,84,0,97,84,4,6,Low,10,0,1,12
S1864,Mia Harris,86,10,62,20,7,1,Medium,21,4,5,6
S1865,Shakil hossain,60,10,53,77,6,1,High,34,2,4,9
S1866,Ahmed hossain,55,8,90,45,7,8,Medium,28,4,4,8
S1867,Sophia Taylor,93,10,90,39,5,6,Medium,27,3,9,13
S1868,Firas Thompson,60,8,57,29,5,10,Low,17,3,10,5
S1869,Maruf Johnson,50,4,87,78,1,2,Low,13,4,2,14
S1870,Mia Walker,99,9,72,94,5,2,Medium,17,2,7,4
S1871,Hafi Thomas,76,3,70,60,4,6,Medium,27,0,7,11
S1872,James Rodriguez,75,10,68,24,2,4,Low,23,1,4,0
S1873,Ava Anderson,74,5,78,84,5,9,Medium,7,0,7,11
S1874,Ahmed Clark,58,6,46,36,7,5,Medium,7,1,9,5
S1875,Emma Martin,59,4,99,41,8,7,Medium,3,1,7,5
S1876,Mahamud Johnson,96,10,99,60,0,8,Medium,26,2,2,2
S1877,Mahamud Johnson,57,9,94,87,2,0,High,35,4,1,2
S1878,Hafi Martin,86,8,34,88,2,2,Medium,4,0,8,14
S1879,Anika Martinez,80,2,31,30,7,10,High,32,4,1,2
S1880,Harper Rodriguez,88,6,51,75,0,6,Low,33,3,8,2
S1881,Hasan Johnson,53,9,86,70,4,5,Low,29,2,3,6
S1882,Mahamud Martin,54,9,95,40,2,6,Low,7,2,1,9
S1883,Mia Johnson,70,10,45,95,1,7,Low,38,3,9,10
S1884,Hafi Harris,40,4,80,45,7,5,Low,25,0,0,1
S1885,Olivia hossain,92,6,68,38,2,2,Low,36,3,3,9
S1886,Nedhal Martinez,93,1,69,79,6,1,High,33,0,8,12
S1887,James Martinez,93,3,67,90,0,6,Low,6,1,8,9
S1888,Hafi Thomas,42,1,89,66,5,10,Medium,39,2,3,1
S1889,Amelia Rodriguez,55,6,88,90,2,0,Low,27,0,8,2
S1890,Mia Emon,62,1,39,45,7,2,High,38,4,5,9
S1891,Hasan Brown,96,10,93,59,5,10,Medium,38,4,0,11
S1892,Nedhal Brown,50,0,92,24,1,3,Low,27,2,9,6
S1893,Nedhal Thomas,51,8,78,40,5,0,Medium,13,3,5,2
S1894,Harper Martin,49,0,93,97,6,4,Medium,37,3,8,6
S1895,Hafi Taylor,71,7,61,23,4,9,Medium,3,0,1,8
S1896,Ahmed Thompson,55,1,36,42,2,2,Medium,17,3,5,10
S1897,Isabella Martin,47,7,50,34,3,1,Medium,24,2,1,9
S1898,James Robinson,77,2,49,27,3,2,Medium,6,0,3,11
S1899,Ava Clark,51,5,55,60,5,7,Medium,37,1,7,14
S1900,Mia Clark,63,2,97,38,9,5,Low,27,3,6,10
S1901,Emma hossain,67,6,44,65,0,6,High,4,3,10,3
S1902,Evelyn Robinson,92,9,43,47,3,5,Medium,2,0,8,6
S1903,Hasan Johnson,47,8,56,87,9,5,Medium,30,4,6,8
S1904,Ahmed Martinez,97,1,69,34,3,2,Low,19,3,0,13
S1905,Mia Emon,67,4,87,56,9,7,Medium,18,2,1,7
S1906,Ava Ahmed,75,5,57,20,0,6,High,10,3,5,7
S1907,Maruf Clark,65,3,55,86,8,6,Low,39,1,6,8
S1908,Emma Anderson,47,3,92,43,3,5,Medium,2,3,2,13
S1909,Ahmed Khan,97,3,95,46,6,4,Medium,22,4,8,4
S1910,Mia hossain,99,1,54,59,2,9,High,6,3,6,13
S1911,Ilin Hall,89,3,32,82,9,7,Medium,22,0,5,4
S1912,Emma Anderson,67,10,73,80,2,4,Medium,6,3,5,2
S1913,James hossain,67,0,71,55,7,8,High,33,4,0,4
S1914,Mia Clark,76,5,35,43,7,8,Medium,18,0,4,7
S1915,Ahmed Hall,80,0,68,43,0,0,Low,8,2,9,11
S1916,Maruf Emon,75,9,81,23,9,5,Low,17,0,2,4
S1917,Mia Martinez,66,5,52,86,1,6,Medium,24,1,6,3
S1918,Hafi Harris,93,0,79,53,7,2,Low,13,0,9,7
S1919,Sophia Taylor,56,5,72,76,0,6,Low,24,2,2,6
S1920,Shakil Thomas,48,9,48,68,7,10,High,18,3,4,14
S1921,Amelia Emon,72,7,98,72,7,10,Low,38,0,6,13
S1922,Ilin Walker,92,10,80,42,1,6,Medium,14,0,2,13
S1923,Olivia Harris,59,1,40,88,3,10,Low,15,0,9,5
S1924,Hasan Clark,52,1,41,72,5,1,Medium,26,0,1,4
S1925,Mahamud Martin,67,3,37,81,8,6,Medium,39,2,5,13
S1926,Amelia Hossen,87,10,53,60,7,0,Low,9,4,7,4
S1927,Olivia Anderson,68,2,70,76,7,4,Medium,3,4,3,12
S1928,Ahmed Clark,52,3,65,79,6,8,Low,18,0,8,9
S1929,Ava Clark,85,6,84,73,8,6,High,27,2,7,1
S1930,Ahmed Thompson,74,10,38,89,1,6,High,20,2,6,12
S1931,Mia Brown,45,0,76,76,2,10,Medium,13,0,6,14
S1932,Harper Walker,57,5,44,29,9,1,Medium,32,1,2,3
S1933,Isabella Martin,90,2,77,59,7,7,Medium,9,0,5,7
S1934,Ava Thomas,44,10,71,26,5,2,Medium,18,1,4,7
S1935,Mia Emon,86,9,89,57,9,7,Medium,29,0,0,10
S1936,Sophia Taylor,64,6,99,80,8,2,Low,21,1,10,0
S1937,Mahamud Anderson,41,9,41,22,9,9,Medium,2,1,2,1
S1938,Sophia Rodriguez,49,1,31,70,3,6,Low,36,0,0,4
S1939,Shakil hossain,95,1,36,66,7,1,Medium,17,1,3,8
S1940,Harper Hall,69,3,32,87,9,3,Low,10,3,9,9
S1941,Mia Clark,89,0,32,95,2,10,Medium,1,4,2,10
S1942,Harper Anderson,98,2,56,57,2,5,Low,11,2,10,11
S1943,Evelyn Brown,84,8,69,55,7,10,Low,5,1,3,12
S1944,Ahmed Martin,44,6,62,60,4,8,Medium,39,1,8,10
S1945,Ilin Rodriguez,94,6,30,88,2,4,High,28,2,2,6
S1946,Anika Robinson,95,10,37,32,9,8,Medium,29,1,5,9
S1947,Nedhal Hall,72,3,61,77,0,4,Low,1,2,5,4
S1948,Ahmed Anderson,93,1,77,69,2,9,Low,8,0,6,0
S1949,Hafi Brown,40,3,33,49,8,7,High,1,3,8,14
S1950,James Clark,57,5,99,81,4,0,Medium,28,3,6,14
S1951,Anika hossain,71,10,48,44,9,6,Low,32,4,0,5
S1952,Maruf Walker,86,10,61,46,1,3,High,9,1,7,11
S1953,Firas Thomas,88,2,38,70,6,4,High,33,4,4,7
S1954,Maruf Robinson,50,0,41,97,1,5,High,7,0,8,6
S1955,Anika Johnson,60,7,40,76,3,4,High,36,3,9,1
S1956,Olivia Emon,65,4,75,66,6,0,High,32,0,4,11
S1957,Maruf Martin,64,4,45,58,3,8,Low,5,0,4,4
S1958,Ava Thomas,61,10,30,35,6,1,Low,39,1,1,13
S1959,Hafi Khan,98,3,92,41,6,8,Medium,18,0,10,10
S1960,Mia Emon,66,5,50,73,0,9,Medium,31,3,2,3
S1961,Isabella Brown,88,2,59,40,5,1,Medium,26,4,9,8
S1962,Hasan Hossen,52,8,42,91,8,8,Medium,0,3,8,9
S1963,Harper Harris,72,4,63,35,1,5,Medium,32,1,6,0
S1964,Maruf Martin,73,2,33,78,2,10,Medium,39,3,0,11
S1965,Evelyn Walker,80,10,57,50,9,8,Low,31,2,2,5
S1966,Ahmed Emon,74,0,88,61,4,5,Low,4,4,1,2
S1967,Ava Hall,40,9,56,93,8,5,Medium,16,2,0,10
S1968,Firas Anderson,60,5,98,51,3,10,Medium,7,2,8,8
S1969,Ava Thompson,87,1,54,78,0,1,Low,33,1,7,4
S1970,Firas Johnson,94,2,32,53,3,7,Medium,8,0,4,12
S1971,Shakil Brown,45,0,97,28,5,2,Medium,22,2,10,5
S1972,Emma Hall,67,8,54,30,4,6,Medium,34,3,1,10
S1973,Hasan Hossen,56,7,49,29,0,4,Low,6,0,0,8
S1974,Firas Robinson,44,1,63,36,3,2,Medium,14,3,6,8
S1975,Evelyn Ahmed,70,10,55,87,5,0,Low,19,3,10,7
S1976,Amelia Walker,44,7,34,67,9,7,High,24,0,10,8
S1977,Isabella Martin,77,8,90,71,9,2,Low,2,0,1,3
S1978,Amelia Khan,42,0,38,44,3,1,Medium,23,3,0,5
S1979,Ilin Martin,92,4,79,40,8,0,Low,33,1,1,4
S1980,James Brown,62,7,35,84,4,3,Medium,21,4,6,4
S1981,Emma Thomas,76,10,89,82,7,7,Medium,10,4,6,3
S1982,James Robinson,92,1,73,70,8,2,Low,7,1,9,1
S1983,Amelia Clark,76,3,40,55,9,0,Medium,38,0,5,11
S1984,Mahamud Thompson,49,6,95,85,4,3,Low,34,3,4,5
S1985,Evelyn Anderson,49,2,76,34,5,8,Medium,37,4,2,8
S1986,Hafi Thompson,58,4,32,58,0,0,Medium,7,3,2,11
S1987,Mia Martinez,56,7,59,89,6,10,Medium,36,1,10,0
S1988,Maruf hossain,60,9,50,20,3,1,High,26,3,8,13
S1989,Anika Walker,53,2,57,42,1,8,Medium,27,1,3,6
S1990,Olivia Thompson,48,3,91,58,4,1,Medium,39,0,8,5
S1991,Sophia Clark,85,8,62,76,2,2,Low,33,1,3,2
S1992,Olivia Harris,40,6,64,53,5,6,Medium,31,1,1,0
S1993,James Khan,90,0,81,60,7,2,Medium,14,4,3,12
S1994,Maruf Taylor,84,3,63,92,6,8,Low,16,3,5,3
S1995,Emma Martin,52,3,70,32,2,5,High,32,4,5,14
S1996,Ilin Robinson,43,8,80,89,7,2,Low,15,2,4,13
S1997,Sophia Thomas,40,5,76,25,1,8,High,28,1,0,8
S1998,Hafi Hall,88,8,87,71,9,0,Low,8,2,2,14
S1999,Hafi Hossen,79,5,86,22,8,9,High,32,4,4,1
S2000,Ava Rodriguez,71,5,52,82,3,2,Medium,28,3,5,2
